"Year","COUNTY","GISJOIN","STATE","STATEFP","STATENH","COUNTYFP","COUNTYNH","Population"
1950,"Androscoggin County","G2300010","Maine",23,230,1,10,83594
1951,"Androscoggin County",NA,NA,NA,NA,NA,NA,83865.8
1952,"Androscoggin County",NA,NA,NA,NA,NA,NA,84137.6
1953,"Androscoggin County",NA,NA,NA,NA,NA,NA,84409.4
1954,"Androscoggin County",NA,NA,NA,NA,NA,NA,84681.2
1955,"Androscoggin County",NA,NA,NA,NA,NA,NA,84953
1956,"Androscoggin County",NA,NA,NA,NA,NA,NA,85224.8
1957,"Androscoggin County",NA,NA,NA,NA,NA,NA,85496.6
1958,"Androscoggin County",NA,NA,NA,NA,NA,NA,85768.4
1959,"Androscoggin County",NA,NA,NA,NA,NA,NA,86040.2
1960,"Androscoggin County","G2300010","Maine",23,230,1,10,86312
1961,"Androscoggin County",NA,NA,NA,NA,NA,NA,86808.7
1962,"Androscoggin County",NA,NA,NA,NA,NA,NA,87305.4
1963,"Androscoggin County",NA,NA,NA,NA,NA,NA,87802.1
1964,"Androscoggin County",NA,NA,NA,NA,NA,NA,88298.8
1965,"Androscoggin County",NA,NA,NA,NA,NA,NA,88795.5
1966,"Androscoggin County",NA,NA,NA,NA,NA,NA,89292.2
1967,"Androscoggin County",NA,NA,NA,NA,NA,NA,89788.9
1968,"Androscoggin County",NA,NA,NA,NA,NA,NA,90285.6
1969,"Androscoggin County",NA,NA,NA,NA,NA,NA,90782.3
1970,"Androscoggin County","G2300010","Maine",23,230,1,10,91279
1971,"Androscoggin County",NA,NA,NA,NA,NA,NA,92116.8
1972,"Androscoggin County",NA,NA,NA,NA,NA,NA,92954.6
1973,"Androscoggin County",NA,NA,NA,NA,NA,NA,93792.4
1974,"Androscoggin County",NA,NA,NA,NA,NA,NA,94630.2
1975,"Androscoggin County",NA,NA,NA,NA,NA,NA,95468
1976,"Androscoggin County",NA,NA,NA,NA,NA,NA,96305.8
1977,"Androscoggin County",NA,NA,NA,NA,NA,NA,97143.6
1978,"Androscoggin County",NA,NA,NA,NA,NA,NA,97981.4
1979,"Androscoggin County",NA,NA,NA,NA,NA,NA,98819.2
1980,"Androscoggin County","G2300010","Maine",23,230,1,10,99657
1981,"Androscoggin County",NA,NA,NA,NA,NA,NA,100217.2
1982,"Androscoggin County",NA,NA,NA,NA,NA,NA,100777.4
1983,"Androscoggin County",NA,NA,NA,NA,NA,NA,101337.6
1984,"Androscoggin County",NA,NA,NA,NA,NA,NA,101897.8
1985,"Androscoggin County",NA,NA,NA,NA,NA,NA,102458
1986,"Androscoggin County",NA,NA,NA,NA,NA,NA,103018.2
1987,"Androscoggin County",NA,NA,NA,NA,NA,NA,103578.4
1988,"Androscoggin County",NA,NA,NA,NA,NA,NA,104138.6
1989,"Androscoggin County",NA,NA,NA,NA,NA,NA,104698.8
1990,"Androscoggin County","G2300010","Maine",23,230,1,10,105259
1991,"Androscoggin County",NA,NA,NA,NA,NA,NA,105112.4
1992,"Androscoggin County",NA,NA,NA,NA,NA,NA,104965.8
1993,"Androscoggin County",NA,NA,NA,NA,NA,NA,104819.2
1994,"Androscoggin County",NA,NA,NA,NA,NA,NA,104672.6
1995,"Androscoggin County",NA,NA,NA,NA,NA,NA,104526
1996,"Androscoggin County",NA,NA,NA,NA,NA,NA,104379.4
1997,"Androscoggin County",NA,NA,NA,NA,NA,NA,104232.8
1998,"Androscoggin County",NA,NA,NA,NA,NA,NA,104086.2
1999,"Androscoggin County",NA,NA,NA,NA,NA,NA,103939.6
2000,"Androscoggin County","G2300010","Maine",23,230,1,10,103793
2001,"Androscoggin County",NA,NA,NA,NA,NA,NA,104183.9
2002,"Androscoggin County",NA,NA,NA,NA,NA,NA,104574.8
2003,"Androscoggin County",NA,NA,NA,NA,NA,NA,104965.7
2004,"Androscoggin County",NA,NA,NA,NA,NA,NA,105356.6
2005,"Androscoggin County",NA,NA,NA,NA,NA,NA,105747.5
2006,"Androscoggin County",NA,NA,NA,NA,NA,NA,106138.4
2007,"Androscoggin County",NA,NA,NA,NA,NA,NA,106529.3
2008,"Androscoggin County",NA,NA,NA,NA,NA,NA,106920.2
2009,"Androscoggin County",NA,NA,NA,NA,NA,NA,107311.1
2010,"Androscoggin County","G2300010","Maine",23,230,1,10,107702
2011,"Androscoggin County",NA,NA,NA,NA,NA,NA,108045.7
2012,"Androscoggin County",NA,NA,NA,NA,NA,NA,108389.4
2013,"Androscoggin County",NA,NA,NA,NA,NA,NA,108733.1
2014,"Androscoggin County",NA,NA,NA,NA,NA,NA,109076.8
2015,"Androscoggin County",NA,NA,NA,NA,NA,NA,109420.5
2016,"Androscoggin County",NA,NA,NA,NA,NA,NA,109764.2
2017,"Androscoggin County",NA,NA,NA,NA,NA,NA,110107.9
2018,"Androscoggin County",NA,NA,NA,NA,NA,NA,110451.6
2019,"Androscoggin County",NA,NA,NA,NA,NA,NA,110795.3
2020,"Androscoggin County","G2300010","Maine",23,230,1,10,111139
1950,"Aroostook County","G2300030","Maine",23,230,3,30,96039
1951,"Aroostook County",NA,NA,NA,NA,NA,NA,97041.5
1952,"Aroostook County",NA,NA,NA,NA,NA,NA,98044
1953,"Aroostook County",NA,NA,NA,NA,NA,NA,99046.5
1954,"Aroostook County",NA,NA,NA,NA,NA,NA,100049
1955,"Aroostook County",NA,NA,NA,NA,NA,NA,101051.5
1956,"Aroostook County",NA,NA,NA,NA,NA,NA,102054
1957,"Aroostook County",NA,NA,NA,NA,NA,NA,103056.5
1958,"Aroostook County",NA,NA,NA,NA,NA,NA,104059
1959,"Aroostook County",NA,NA,NA,NA,NA,NA,105061.5
1960,"Aroostook County","G2300030","Maine",23,230,3,30,106064
1961,"Aroostook County",NA,NA,NA,NA,NA,NA,104703.9
1962,"Aroostook County",NA,NA,NA,NA,NA,NA,103343.8
1963,"Aroostook County",NA,NA,NA,NA,NA,NA,101983.7
1964,"Aroostook County",NA,NA,NA,NA,NA,NA,100623.6
1965,"Aroostook County",NA,NA,NA,NA,NA,NA,99263.5
1966,"Aroostook County",NA,NA,NA,NA,NA,NA,97903.4
1967,"Aroostook County",NA,NA,NA,NA,NA,NA,96543.3
1968,"Aroostook County",NA,NA,NA,NA,NA,NA,95183.2
1969,"Aroostook County",NA,NA,NA,NA,NA,NA,93823.1
1970,"Aroostook County","G2300030","Maine",23,230,3,30,92463
1971,"Aroostook County",NA,NA,NA,NA,NA,NA,92349.8
1972,"Aroostook County",NA,NA,NA,NA,NA,NA,92236.6
1973,"Aroostook County",NA,NA,NA,NA,NA,NA,92123.4
1974,"Aroostook County",NA,NA,NA,NA,NA,NA,92010.2
1975,"Aroostook County",NA,NA,NA,NA,NA,NA,91897
1976,"Aroostook County",NA,NA,NA,NA,NA,NA,91783.8
1977,"Aroostook County",NA,NA,NA,NA,NA,NA,91670.6
1978,"Aroostook County",NA,NA,NA,NA,NA,NA,91557.4
1979,"Aroostook County",NA,NA,NA,NA,NA,NA,91444.2
1980,"Aroostook County","G2300030","Maine",23,230,3,30,91331
1981,"Aroostook County",NA,NA,NA,NA,NA,NA,90891.5
1982,"Aroostook County",NA,NA,NA,NA,NA,NA,90452
1983,"Aroostook County",NA,NA,NA,NA,NA,NA,90012.5
1984,"Aroostook County",NA,NA,NA,NA,NA,NA,89573
1985,"Aroostook County",NA,NA,NA,NA,NA,NA,89133.5
1986,"Aroostook County",NA,NA,NA,NA,NA,NA,88694
1987,"Aroostook County",NA,NA,NA,NA,NA,NA,88254.5
1988,"Aroostook County",NA,NA,NA,NA,NA,NA,87815
1989,"Aroostook County",NA,NA,NA,NA,NA,NA,87375.5
1990,"Aroostook County","G2300030","Maine",23,230,3,30,86936
1991,"Aroostook County",NA,NA,NA,NA,NA,NA,85636.2
1992,"Aroostook County",NA,NA,NA,NA,NA,NA,84336.4
1993,"Aroostook County",NA,NA,NA,NA,NA,NA,83036.6
1994,"Aroostook County",NA,NA,NA,NA,NA,NA,81736.8
1995,"Aroostook County",NA,NA,NA,NA,NA,NA,80437
1996,"Aroostook County",NA,NA,NA,NA,NA,NA,79137.2
1997,"Aroostook County",NA,NA,NA,NA,NA,NA,77837.4
1998,"Aroostook County",NA,NA,NA,NA,NA,NA,76537.6
1999,"Aroostook County",NA,NA,NA,NA,NA,NA,75237.8
2000,"Aroostook County","G2300030","Maine",23,230,3,30,73938
2001,"Aroostook County",NA,NA,NA,NA,NA,NA,73731.2
2002,"Aroostook County",NA,NA,NA,NA,NA,NA,73524.4
2003,"Aroostook County",NA,NA,NA,NA,NA,NA,73317.6
2004,"Aroostook County",NA,NA,NA,NA,NA,NA,73110.8
2005,"Aroostook County",NA,NA,NA,NA,NA,NA,72904
2006,"Aroostook County",NA,NA,NA,NA,NA,NA,72697.2
2007,"Aroostook County",NA,NA,NA,NA,NA,NA,72490.4
2008,"Aroostook County",NA,NA,NA,NA,NA,NA,72283.6
2009,"Aroostook County",NA,NA,NA,NA,NA,NA,72076.8
2010,"Aroostook County","G2300030","Maine",23,230,3,30,71870
2011,"Aroostook County",NA,NA,NA,NA,NA,NA,71393.5
2012,"Aroostook County",NA,NA,NA,NA,NA,NA,70917
2013,"Aroostook County",NA,NA,NA,NA,NA,NA,70440.5
2014,"Aroostook County",NA,NA,NA,NA,NA,NA,69964
2015,"Aroostook County",NA,NA,NA,NA,NA,NA,69487.5
2016,"Aroostook County",NA,NA,NA,NA,NA,NA,69011
2017,"Aroostook County",NA,NA,NA,NA,NA,NA,68534.5
2018,"Aroostook County",NA,NA,NA,NA,NA,NA,68058
2019,"Aroostook County",NA,NA,NA,NA,NA,NA,67581.5
2020,"Aroostook County","G2300030","Maine",23,230,3,30,67105
1950,"Cumberland County","G2300050","Maine",23,230,5,50,169201
1951,"Cumberland County",NA,NA,NA,NA,NA,NA,170556
1952,"Cumberland County",NA,NA,NA,NA,NA,NA,171911
1953,"Cumberland County",NA,NA,NA,NA,NA,NA,173266
1954,"Cumberland County",NA,NA,NA,NA,NA,NA,174621
1955,"Cumberland County",NA,NA,NA,NA,NA,NA,175976
1956,"Cumberland County",NA,NA,NA,NA,NA,NA,177331
1957,"Cumberland County",NA,NA,NA,NA,NA,NA,178686
1958,"Cumberland County",NA,NA,NA,NA,NA,NA,180041
1959,"Cumberland County",NA,NA,NA,NA,NA,NA,181396
1960,"Cumberland County","G2300050","Maine",23,230,5,50,182751
1961,"Cumberland County",NA,NA,NA,NA,NA,NA,183728.7
1962,"Cumberland County",NA,NA,NA,NA,NA,NA,184706.4
1963,"Cumberland County",NA,NA,NA,NA,NA,NA,185684.1
1964,"Cumberland County",NA,NA,NA,NA,NA,NA,186661.8
1965,"Cumberland County",NA,NA,NA,NA,NA,NA,187639.5
1966,"Cumberland County",NA,NA,NA,NA,NA,NA,188617.2
1967,"Cumberland County",NA,NA,NA,NA,NA,NA,189594.9
1968,"Cumberland County",NA,NA,NA,NA,NA,NA,190572.6
1969,"Cumberland County",NA,NA,NA,NA,NA,NA,191550.3
1970,"Cumberland County","G2300050","Maine",23,230,5,50,192528
1971,"Cumberland County",NA,NA,NA,NA,NA,NA,194854.1
1972,"Cumberland County",NA,NA,NA,NA,NA,NA,197180.2
1973,"Cumberland County",NA,NA,NA,NA,NA,NA,199506.3
1974,"Cumberland County",NA,NA,NA,NA,NA,NA,201832.4
1975,"Cumberland County",NA,NA,NA,NA,NA,NA,204158.5
1976,"Cumberland County",NA,NA,NA,NA,NA,NA,206484.6
1977,"Cumberland County",NA,NA,NA,NA,NA,NA,208810.7
1978,"Cumberland County",NA,NA,NA,NA,NA,NA,211136.8
1979,"Cumberland County",NA,NA,NA,NA,NA,NA,213462.9
1980,"Cumberland County","G2300050","Maine",23,230,5,50,215789
1981,"Cumberland County",NA,NA,NA,NA,NA,NA,218523.6
1982,"Cumberland County",NA,NA,NA,NA,NA,NA,221258.2
1983,"Cumberland County",NA,NA,NA,NA,NA,NA,223992.8
1984,"Cumberland County",NA,NA,NA,NA,NA,NA,226727.4
1985,"Cumberland County",NA,NA,NA,NA,NA,NA,229462
1986,"Cumberland County",NA,NA,NA,NA,NA,NA,232196.6
1987,"Cumberland County",NA,NA,NA,NA,NA,NA,234931.2
1988,"Cumberland County",NA,NA,NA,NA,NA,NA,237665.8
1989,"Cumberland County",NA,NA,NA,NA,NA,NA,240400.4
1990,"Cumberland County","G2300050","Maine",23,230,5,50,243135
1991,"Cumberland County",NA,NA,NA,NA,NA,NA,245382.7
1992,"Cumberland County",NA,NA,NA,NA,NA,NA,247630.4
1993,"Cumberland County",NA,NA,NA,NA,NA,NA,249878.1
1994,"Cumberland County",NA,NA,NA,NA,NA,NA,252125.8
1995,"Cumberland County",NA,NA,NA,NA,NA,NA,254373.5
1996,"Cumberland County",NA,NA,NA,NA,NA,NA,256621.2
1997,"Cumberland County",NA,NA,NA,NA,NA,NA,258868.9
1998,"Cumberland County",NA,NA,NA,NA,NA,NA,261116.6
1999,"Cumberland County",NA,NA,NA,NA,NA,NA,263364.3
2000,"Cumberland County","G2300050","Maine",23,230,5,50,265612
2001,"Cumberland County",NA,NA,NA,NA,NA,NA,267218.2
2002,"Cumberland County",NA,NA,NA,NA,NA,NA,268824.4
2003,"Cumberland County",NA,NA,NA,NA,NA,NA,270430.6
2004,"Cumberland County",NA,NA,NA,NA,NA,NA,272036.8
2005,"Cumberland County",NA,NA,NA,NA,NA,NA,273643
2006,"Cumberland County",NA,NA,NA,NA,NA,NA,275249.2
2007,"Cumberland County",NA,NA,NA,NA,NA,NA,276855.4
2008,"Cumberland County",NA,NA,NA,NA,NA,NA,278461.6
2009,"Cumberland County",NA,NA,NA,NA,NA,NA,280067.8
2010,"Cumberland County","G2300050","Maine",23,230,5,50,281674
2011,"Cumberland County",NA,NA,NA,NA,NA,NA,283813.5
2012,"Cumberland County",NA,NA,NA,NA,NA,NA,285953
2013,"Cumberland County",NA,NA,NA,NA,NA,NA,288092.5
2014,"Cumberland County",NA,NA,NA,NA,NA,NA,290232
2015,"Cumberland County",NA,NA,NA,NA,NA,NA,292371.5
2016,"Cumberland County",NA,NA,NA,NA,NA,NA,294511
2017,"Cumberland County",NA,NA,NA,NA,NA,NA,296650.5
2018,"Cumberland County",NA,NA,NA,NA,NA,NA,298790
2019,"Cumberland County",NA,NA,NA,NA,NA,NA,300929.5
2020,"Cumberland County","G2300050","Maine",23,230,5,50,303069
1950,"Franklin County","G2300070","Maine",23,230,7,70,20682
1951,"Franklin County",NA,NA,NA,NA,NA,NA,20620.7
1952,"Franklin County",NA,NA,NA,NA,NA,NA,20559.4
1953,"Franklin County",NA,NA,NA,NA,NA,NA,20498.1
1954,"Franklin County",NA,NA,NA,NA,NA,NA,20436.8
1955,"Franklin County",NA,NA,NA,NA,NA,NA,20375.5
1956,"Franklin County",NA,NA,NA,NA,NA,NA,20314.2
1957,"Franklin County",NA,NA,NA,NA,NA,NA,20252.9
1958,"Franklin County",NA,NA,NA,NA,NA,NA,20191.6
1959,"Franklin County",NA,NA,NA,NA,NA,NA,20130.3
1960,"Franklin County","G2300070","Maine",23,230,7,70,20069
1961,"Franklin County",NA,NA,NA,NA,NA,NA,20306.5
1962,"Franklin County",NA,NA,NA,NA,NA,NA,20544
1963,"Franklin County",NA,NA,NA,NA,NA,NA,20781.5
1964,"Franklin County",NA,NA,NA,NA,NA,NA,21019
1965,"Franklin County",NA,NA,NA,NA,NA,NA,21256.5
1966,"Franklin County",NA,NA,NA,NA,NA,NA,21494
1967,"Franklin County",NA,NA,NA,NA,NA,NA,21731.5
1968,"Franklin County",NA,NA,NA,NA,NA,NA,21969
1969,"Franklin County",NA,NA,NA,NA,NA,NA,22206.5
1970,"Franklin County","G2300070","Maine",23,230,7,70,22444
1971,"Franklin County",NA,NA,NA,NA,NA,NA,22909.4
1972,"Franklin County",NA,NA,NA,NA,NA,NA,23374.8
1973,"Franklin County",NA,NA,NA,NA,NA,NA,23840.2
1974,"Franklin County",NA,NA,NA,NA,NA,NA,24305.6
1975,"Franklin County",NA,NA,NA,NA,NA,NA,24771
1976,"Franklin County",NA,NA,NA,NA,NA,NA,25236.4
1977,"Franklin County",NA,NA,NA,NA,NA,NA,25701.8
1978,"Franklin County",NA,NA,NA,NA,NA,NA,26167.2
1979,"Franklin County",NA,NA,NA,NA,NA,NA,26632.6
1980,"Franklin County","G2300070","Maine",23,230,7,70,27098
1981,"Franklin County",NA,NA,NA,NA,NA,NA,27289
1982,"Franklin County",NA,NA,NA,NA,NA,NA,27480
1983,"Franklin County",NA,NA,NA,NA,NA,NA,27671
1984,"Franklin County",NA,NA,NA,NA,NA,NA,27862
1985,"Franklin County",NA,NA,NA,NA,NA,NA,28053
1986,"Franklin County",NA,NA,NA,NA,NA,NA,28244
1987,"Franklin County",NA,NA,NA,NA,NA,NA,28435
1988,"Franklin County",NA,NA,NA,NA,NA,NA,28626
1989,"Franklin County",NA,NA,NA,NA,NA,NA,28817
1990,"Franklin County","G2300070","Maine",23,230,7,70,29008
1991,"Franklin County",NA,NA,NA,NA,NA,NA,29053.9
1992,"Franklin County",NA,NA,NA,NA,NA,NA,29099.8
1993,"Franklin County",NA,NA,NA,NA,NA,NA,29145.7
1994,"Franklin County",NA,NA,NA,NA,NA,NA,29191.6
1995,"Franklin County",NA,NA,NA,NA,NA,NA,29237.5
1996,"Franklin County",NA,NA,NA,NA,NA,NA,29283.4
1997,"Franklin County",NA,NA,NA,NA,NA,NA,29329.3
1998,"Franklin County",NA,NA,NA,NA,NA,NA,29375.2
1999,"Franklin County",NA,NA,NA,NA,NA,NA,29421.1
2000,"Franklin County","G2300070","Maine",23,230,7,70,29467
2001,"Franklin County",NA,NA,NA,NA,NA,NA,29597.1
2002,"Franklin County",NA,NA,NA,NA,NA,NA,29727.2
2003,"Franklin County",NA,NA,NA,NA,NA,NA,29857.3
2004,"Franklin County",NA,NA,NA,NA,NA,NA,29987.4
2005,"Franklin County",NA,NA,NA,NA,NA,NA,30117.5
2006,"Franklin County",NA,NA,NA,NA,NA,NA,30247.6
2007,"Franklin County",NA,NA,NA,NA,NA,NA,30377.7
2008,"Franklin County",NA,NA,NA,NA,NA,NA,30507.8
2009,"Franklin County",NA,NA,NA,NA,NA,NA,30637.9
2010,"Franklin County","G2300070","Maine",23,230,7,70,30768
2011,"Franklin County",NA,NA,NA,NA,NA,NA,30636.8
2012,"Franklin County",NA,NA,NA,NA,NA,NA,30505.6
2013,"Franklin County",NA,NA,NA,NA,NA,NA,30374.4
2014,"Franklin County",NA,NA,NA,NA,NA,NA,30243.2
2015,"Franklin County",NA,NA,NA,NA,NA,NA,30112
2016,"Franklin County",NA,NA,NA,NA,NA,NA,29980.8
2017,"Franklin County",NA,NA,NA,NA,NA,NA,29849.6
2018,"Franklin County",NA,NA,NA,NA,NA,NA,29718.4
2019,"Franklin County",NA,NA,NA,NA,NA,NA,29587.2
2020,"Franklin County","G2300070","Maine",23,230,7,70,29456
1950,"Hancock County","G2300090","Maine",23,230,9,90,32105
1951,"Hancock County",NA,NA,NA,NA,NA,NA,32123.8
1952,"Hancock County",NA,NA,NA,NA,NA,NA,32142.6
1953,"Hancock County",NA,NA,NA,NA,NA,NA,32161.4
1954,"Hancock County",NA,NA,NA,NA,NA,NA,32180.2
1955,"Hancock County",NA,NA,NA,NA,NA,NA,32199
1956,"Hancock County",NA,NA,NA,NA,NA,NA,32217.8
1957,"Hancock County",NA,NA,NA,NA,NA,NA,32236.6
1958,"Hancock County",NA,NA,NA,NA,NA,NA,32255.4
1959,"Hancock County",NA,NA,NA,NA,NA,NA,32274.2
1960,"Hancock County","G2300090","Maine",23,230,9,90,32293
1961,"Hancock County",NA,NA,NA,NA,NA,NA,32522.7
1962,"Hancock County",NA,NA,NA,NA,NA,NA,32752.4
1963,"Hancock County",NA,NA,NA,NA,NA,NA,32982.1
1964,"Hancock County",NA,NA,NA,NA,NA,NA,33211.8
1965,"Hancock County",NA,NA,NA,NA,NA,NA,33441.5
1966,"Hancock County",NA,NA,NA,NA,NA,NA,33671.2
1967,"Hancock County",NA,NA,NA,NA,NA,NA,33900.9
1968,"Hancock County",NA,NA,NA,NA,NA,NA,34130.6
1969,"Hancock County",NA,NA,NA,NA,NA,NA,34360.3
1970,"Hancock County","G2300090","Maine",23,230,9,90,34590
1971,"Hancock County",NA,NA,NA,NA,NA,NA,35309.1
1972,"Hancock County",NA,NA,NA,NA,NA,NA,36028.2
1973,"Hancock County",NA,NA,NA,NA,NA,NA,36747.3
1974,"Hancock County",NA,NA,NA,NA,NA,NA,37466.4
1975,"Hancock County",NA,NA,NA,NA,NA,NA,38185.5
1976,"Hancock County",NA,NA,NA,NA,NA,NA,38904.6
1977,"Hancock County",NA,NA,NA,NA,NA,NA,39623.7
1978,"Hancock County",NA,NA,NA,NA,NA,NA,40342.8
1979,"Hancock County",NA,NA,NA,NA,NA,NA,41061.9
1980,"Hancock County","G2300090","Maine",23,230,9,90,41781
1981,"Hancock County",NA,NA,NA,NA,NA,NA,42297.7
1982,"Hancock County",NA,NA,NA,NA,NA,NA,42814.4
1983,"Hancock County",NA,NA,NA,NA,NA,NA,43331.1
1984,"Hancock County",NA,NA,NA,NA,NA,NA,43847.8
1985,"Hancock County",NA,NA,NA,NA,NA,NA,44364.5
1986,"Hancock County",NA,NA,NA,NA,NA,NA,44881.2
1987,"Hancock County",NA,NA,NA,NA,NA,NA,45397.9
1988,"Hancock County",NA,NA,NA,NA,NA,NA,45914.6
1989,"Hancock County",NA,NA,NA,NA,NA,NA,46431.3
1990,"Hancock County","G2300090","Maine",23,230,9,90,46948
1991,"Hancock County",NA,NA,NA,NA,NA,NA,47432.3
1992,"Hancock County",NA,NA,NA,NA,NA,NA,47916.6
1993,"Hancock County",NA,NA,NA,NA,NA,NA,48400.9
1994,"Hancock County",NA,NA,NA,NA,NA,NA,48885.2
1995,"Hancock County",NA,NA,NA,NA,NA,NA,49369.5
1996,"Hancock County",NA,NA,NA,NA,NA,NA,49853.8
1997,"Hancock County",NA,NA,NA,NA,NA,NA,50338.1
1998,"Hancock County",NA,NA,NA,NA,NA,NA,50822.4
1999,"Hancock County",NA,NA,NA,NA,NA,NA,51306.7
2000,"Hancock County","G2300090","Maine",23,230,9,90,51791
2001,"Hancock County",NA,NA,NA,NA,NA,NA,52053.7
2002,"Hancock County",NA,NA,NA,NA,NA,NA,52316.4
2003,"Hancock County",NA,NA,NA,NA,NA,NA,52579.1
2004,"Hancock County",NA,NA,NA,NA,NA,NA,52841.8
2005,"Hancock County",NA,NA,NA,NA,NA,NA,53104.5
2006,"Hancock County",NA,NA,NA,NA,NA,NA,53367.2
2007,"Hancock County",NA,NA,NA,NA,NA,NA,53629.9
2008,"Hancock County",NA,NA,NA,NA,NA,NA,53892.6
2009,"Hancock County",NA,NA,NA,NA,NA,NA,54155.3
2010,"Hancock County","G2300090","Maine",23,230,9,90,54418
2011,"Hancock County",NA,NA,NA,NA,NA,NA,54524
2012,"Hancock County",NA,NA,NA,NA,NA,NA,54630
2013,"Hancock County",NA,NA,NA,NA,NA,NA,54736
2014,"Hancock County",NA,NA,NA,NA,NA,NA,54842
2015,"Hancock County",NA,NA,NA,NA,NA,NA,54948
2016,"Hancock County",NA,NA,NA,NA,NA,NA,55054
2017,"Hancock County",NA,NA,NA,NA,NA,NA,55160
2018,"Hancock County",NA,NA,NA,NA,NA,NA,55266
2019,"Hancock County",NA,NA,NA,NA,NA,NA,55372
2020,"Hancock County","G2300090","Maine",23,230,9,90,55478
1950,"Kennebec County","G2300110","Maine",23,230,11,110,83881
1951,"Kennebec County",NA,NA,NA,NA,NA,NA,84407.9
1952,"Kennebec County",NA,NA,NA,NA,NA,NA,84934.8
1953,"Kennebec County",NA,NA,NA,NA,NA,NA,85461.7
1954,"Kennebec County",NA,NA,NA,NA,NA,NA,85988.6
1955,"Kennebec County",NA,NA,NA,NA,NA,NA,86515.5
1956,"Kennebec County",NA,NA,NA,NA,NA,NA,87042.4
1957,"Kennebec County",NA,NA,NA,NA,NA,NA,87569.3
1958,"Kennebec County",NA,NA,NA,NA,NA,NA,88096.2
1959,"Kennebec County",NA,NA,NA,NA,NA,NA,88623.1
1960,"Kennebec County","G2300110","Maine",23,230,11,110,89150
1961,"Kennebec County",NA,NA,NA,NA,NA,NA,89759.7
1962,"Kennebec County",NA,NA,NA,NA,NA,NA,90369.4
1963,"Kennebec County",NA,NA,NA,NA,NA,NA,90979.1
1964,"Kennebec County",NA,NA,NA,NA,NA,NA,91588.8
1965,"Kennebec County",NA,NA,NA,NA,NA,NA,92198.5
1966,"Kennebec County",NA,NA,NA,NA,NA,NA,92808.2
1967,"Kennebec County",NA,NA,NA,NA,NA,NA,93417.9
1968,"Kennebec County",NA,NA,NA,NA,NA,NA,94027.6
1969,"Kennebec County",NA,NA,NA,NA,NA,NA,94637.3
1970,"Kennebec County","G2300110","Maine",23,230,11,110,95247
1971,"Kennebec County",NA,NA,NA,NA,NA,NA,96711.2
1972,"Kennebec County",NA,NA,NA,NA,NA,NA,98175.4
1973,"Kennebec County",NA,NA,NA,NA,NA,NA,99639.6
1974,"Kennebec County",NA,NA,NA,NA,NA,NA,101103.8
1975,"Kennebec County",NA,NA,NA,NA,NA,NA,102568
1976,"Kennebec County",NA,NA,NA,NA,NA,NA,104032.2
1977,"Kennebec County",NA,NA,NA,NA,NA,NA,105496.4
1978,"Kennebec County",NA,NA,NA,NA,NA,NA,106960.6
1979,"Kennebec County",NA,NA,NA,NA,NA,NA,108424.8
1980,"Kennebec County","G2300110","Maine",23,230,11,110,109889
1981,"Kennebec County",NA,NA,NA,NA,NA,NA,110490.5
1982,"Kennebec County",NA,NA,NA,NA,NA,NA,111092
1983,"Kennebec County",NA,NA,NA,NA,NA,NA,111693.5
1984,"Kennebec County",NA,NA,NA,NA,NA,NA,112295
1985,"Kennebec County",NA,NA,NA,NA,NA,NA,112896.5
1986,"Kennebec County",NA,NA,NA,NA,NA,NA,113498
1987,"Kennebec County",NA,NA,NA,NA,NA,NA,114099.5
1988,"Kennebec County",NA,NA,NA,NA,NA,NA,114701
1989,"Kennebec County",NA,NA,NA,NA,NA,NA,115302.5
1990,"Kennebec County","G2300110","Maine",23,230,11,110,115904
1991,"Kennebec County",NA,NA,NA,NA,NA,NA,116025
1992,"Kennebec County",NA,NA,NA,NA,NA,NA,116146
1993,"Kennebec County",NA,NA,NA,NA,NA,NA,116267
1994,"Kennebec County",NA,NA,NA,NA,NA,NA,116388
1995,"Kennebec County",NA,NA,NA,NA,NA,NA,116509
1996,"Kennebec County",NA,NA,NA,NA,NA,NA,116630
1997,"Kennebec County",NA,NA,NA,NA,NA,NA,116751
1998,"Kennebec County",NA,NA,NA,NA,NA,NA,116872
1999,"Kennebec County",NA,NA,NA,NA,NA,NA,116993
2000,"Kennebec County","G2300110","Maine",23,230,11,110,117114
2001,"Kennebec County",NA,NA,NA,NA,NA,NA,117617.7
2002,"Kennebec County",NA,NA,NA,NA,NA,NA,118121.4
2003,"Kennebec County",NA,NA,NA,NA,NA,NA,118625.1
2004,"Kennebec County",NA,NA,NA,NA,NA,NA,119128.8
2005,"Kennebec County",NA,NA,NA,NA,NA,NA,119632.5
2006,"Kennebec County",NA,NA,NA,NA,NA,NA,120136.2
2007,"Kennebec County",NA,NA,NA,NA,NA,NA,120639.9
2008,"Kennebec County",NA,NA,NA,NA,NA,NA,121143.6
2009,"Kennebec County",NA,NA,NA,NA,NA,NA,121647.3
2010,"Kennebec County","G2300110","Maine",23,230,11,110,122151
2011,"Kennebec County",NA,NA,NA,NA,NA,NA,122300.1
2012,"Kennebec County",NA,NA,NA,NA,NA,NA,122449.2
2013,"Kennebec County",NA,NA,NA,NA,NA,NA,122598.3
2014,"Kennebec County",NA,NA,NA,NA,NA,NA,122747.4
2015,"Kennebec County",NA,NA,NA,NA,NA,NA,122896.5
2016,"Kennebec County",NA,NA,NA,NA,NA,NA,123045.6
2017,"Kennebec County",NA,NA,NA,NA,NA,NA,123194.7
2018,"Kennebec County",NA,NA,NA,NA,NA,NA,123343.8
2019,"Kennebec County",NA,NA,NA,NA,NA,NA,123492.9
2020,"Kennebec County","G2300110","Maine",23,230,11,110,123642
1950,"Knox County","G2300130","Maine",23,230,13,130,28121
1951,"Knox County",NA,NA,NA,NA,NA,NA,28166.4
1952,"Knox County",NA,NA,NA,NA,NA,NA,28211.8
1953,"Knox County",NA,NA,NA,NA,NA,NA,28257.2
1954,"Knox County",NA,NA,NA,NA,NA,NA,28302.6
1955,"Knox County",NA,NA,NA,NA,NA,NA,28348
1956,"Knox County",NA,NA,NA,NA,NA,NA,28393.4
1957,"Knox County",NA,NA,NA,NA,NA,NA,28438.8
1958,"Knox County",NA,NA,NA,NA,NA,NA,28484.2
1959,"Knox County",NA,NA,NA,NA,NA,NA,28529.6
1960,"Knox County","G2300130","Maine",23,230,13,130,28575
1961,"Knox County",NA,NA,NA,NA,NA,NA,28618.8
1962,"Knox County",NA,NA,NA,NA,NA,NA,28662.6
1963,"Knox County",NA,NA,NA,NA,NA,NA,28706.4
1964,"Knox County",NA,NA,NA,NA,NA,NA,28750.2
1965,"Knox County",NA,NA,NA,NA,NA,NA,28794
1966,"Knox County",NA,NA,NA,NA,NA,NA,28837.8
1967,"Knox County",NA,NA,NA,NA,NA,NA,28881.6
1968,"Knox County",NA,NA,NA,NA,NA,NA,28925.4
1969,"Knox County",NA,NA,NA,NA,NA,NA,28969.2
1970,"Knox County","G2300130","Maine",23,230,13,130,29013
1971,"Knox County",NA,NA,NA,NA,NA,NA,29405.8
1972,"Knox County",NA,NA,NA,NA,NA,NA,29798.6
1973,"Knox County",NA,NA,NA,NA,NA,NA,30191.4
1974,"Knox County",NA,NA,NA,NA,NA,NA,30584.2
1975,"Knox County",NA,NA,NA,NA,NA,NA,30977
1976,"Knox County",NA,NA,NA,NA,NA,NA,31369.8
1977,"Knox County",NA,NA,NA,NA,NA,NA,31762.6
1978,"Knox County",NA,NA,NA,NA,NA,NA,32155.4
1979,"Knox County",NA,NA,NA,NA,NA,NA,32548.2
1980,"Knox County","G2300130","Maine",23,230,13,130,32941
1981,"Knox County",NA,NA,NA,NA,NA,NA,33277.9
1982,"Knox County",NA,NA,NA,NA,NA,NA,33614.8
1983,"Knox County",NA,NA,NA,NA,NA,NA,33951.7
1984,"Knox County",NA,NA,NA,NA,NA,NA,34288.6
1985,"Knox County",NA,NA,NA,NA,NA,NA,34625.5
1986,"Knox County",NA,NA,NA,NA,NA,NA,34962.4
1987,"Knox County",NA,NA,NA,NA,NA,NA,35299.3
1988,"Knox County",NA,NA,NA,NA,NA,NA,35636.2
1989,"Knox County",NA,NA,NA,NA,NA,NA,35973.1
1990,"Knox County","G2300130","Maine",23,230,13,130,36310
1991,"Knox County",NA,NA,NA,NA,NA,NA,36640.8
1992,"Knox County",NA,NA,NA,NA,NA,NA,36971.6
1993,"Knox County",NA,NA,NA,NA,NA,NA,37302.4
1994,"Knox County",NA,NA,NA,NA,NA,NA,37633.2
1995,"Knox County",NA,NA,NA,NA,NA,NA,37964
1996,"Knox County",NA,NA,NA,NA,NA,NA,38294.8
1997,"Knox County",NA,NA,NA,NA,NA,NA,38625.6
1998,"Knox County",NA,NA,NA,NA,NA,NA,38956.4
1999,"Knox County",NA,NA,NA,NA,NA,NA,39287.2
2000,"Knox County","G2300130","Maine",23,230,13,130,39618
2001,"Knox County",NA,NA,NA,NA,NA,NA,39629.8
2002,"Knox County",NA,NA,NA,NA,NA,NA,39641.6
2003,"Knox County",NA,NA,NA,NA,NA,NA,39653.4
2004,"Knox County",NA,NA,NA,NA,NA,NA,39665.2
2005,"Knox County",NA,NA,NA,NA,NA,NA,39677
2006,"Knox County",NA,NA,NA,NA,NA,NA,39688.8
2007,"Knox County",NA,NA,NA,NA,NA,NA,39700.6
2008,"Knox County",NA,NA,NA,NA,NA,NA,39712.4
2009,"Knox County",NA,NA,NA,NA,NA,NA,39724.2
2010,"Knox County","G2300130","Maine",23,230,13,130,39736
2011,"Knox County",NA,NA,NA,NA,NA,NA,39823.1
2012,"Knox County",NA,NA,NA,NA,NA,NA,39910.2
2013,"Knox County",NA,NA,NA,NA,NA,NA,39997.3
2014,"Knox County",NA,NA,NA,NA,NA,NA,40084.4
2015,"Knox County",NA,NA,NA,NA,NA,NA,40171.5
2016,"Knox County",NA,NA,NA,NA,NA,NA,40258.6
2017,"Knox County",NA,NA,NA,NA,NA,NA,40345.7
2018,"Knox County",NA,NA,NA,NA,NA,NA,40432.8
2019,"Knox County",NA,NA,NA,NA,NA,NA,40519.9
2020,"Knox County","G2300130","Maine",23,230,13,130,40607
1950,"Lincoln County","G2300150","Maine",23,230,15,150,18004
1951,"Lincoln County",NA,NA,NA,NA,NA,NA,18053.3
1952,"Lincoln County",NA,NA,NA,NA,NA,NA,18102.6
1953,"Lincoln County",NA,NA,NA,NA,NA,NA,18151.9
1954,"Lincoln County",NA,NA,NA,NA,NA,NA,18201.2
1955,"Lincoln County",NA,NA,NA,NA,NA,NA,18250.5
1956,"Lincoln County",NA,NA,NA,NA,NA,NA,18299.8
1957,"Lincoln County",NA,NA,NA,NA,NA,NA,18349.1
1958,"Lincoln County",NA,NA,NA,NA,NA,NA,18398.4
1959,"Lincoln County",NA,NA,NA,NA,NA,NA,18447.7
1960,"Lincoln County","G2300150","Maine",23,230,15,150,18497
1961,"Lincoln County",NA,NA,NA,NA,NA,NA,18701
1962,"Lincoln County",NA,NA,NA,NA,NA,NA,18905
1963,"Lincoln County",NA,NA,NA,NA,NA,NA,19109
1964,"Lincoln County",NA,NA,NA,NA,NA,NA,19313
1965,"Lincoln County",NA,NA,NA,NA,NA,NA,19517
1966,"Lincoln County",NA,NA,NA,NA,NA,NA,19721
1967,"Lincoln County",NA,NA,NA,NA,NA,NA,19925
1968,"Lincoln County",NA,NA,NA,NA,NA,NA,20129
1969,"Lincoln County",NA,NA,NA,NA,NA,NA,20333
1970,"Lincoln County","G2300150","Maine",23,230,15,150,20537
1971,"Lincoln County",NA,NA,NA,NA,NA,NA,21052.4
1972,"Lincoln County",NA,NA,NA,NA,NA,NA,21567.8
1973,"Lincoln County",NA,NA,NA,NA,NA,NA,22083.2
1974,"Lincoln County",NA,NA,NA,NA,NA,NA,22598.6
1975,"Lincoln County",NA,NA,NA,NA,NA,NA,23114
1976,"Lincoln County",NA,NA,NA,NA,NA,NA,23629.4
1977,"Lincoln County",NA,NA,NA,NA,NA,NA,24144.8
1978,"Lincoln County",NA,NA,NA,NA,NA,NA,24660.2
1979,"Lincoln County",NA,NA,NA,NA,NA,NA,25175.6
1980,"Lincoln County","G2300150","Maine",23,230,15,150,25691
1981,"Lincoln County",NA,NA,NA,NA,NA,NA,26157.6
1982,"Lincoln County",NA,NA,NA,NA,NA,NA,26624.2
1983,"Lincoln County",NA,NA,NA,NA,NA,NA,27090.8
1984,"Lincoln County",NA,NA,NA,NA,NA,NA,27557.4
1985,"Lincoln County",NA,NA,NA,NA,NA,NA,28024
1986,"Lincoln County",NA,NA,NA,NA,NA,NA,28490.6
1987,"Lincoln County",NA,NA,NA,NA,NA,NA,28957.2
1988,"Lincoln County",NA,NA,NA,NA,NA,NA,29423.8
1989,"Lincoln County",NA,NA,NA,NA,NA,NA,29890.4
1990,"Lincoln County","G2300150","Maine",23,230,15,150,30357
1991,"Lincoln County",NA,NA,NA,NA,NA,NA,30682.9
1992,"Lincoln County",NA,NA,NA,NA,NA,NA,31008.8
1993,"Lincoln County",NA,NA,NA,NA,NA,NA,31334.7
1994,"Lincoln County",NA,NA,NA,NA,NA,NA,31660.6
1995,"Lincoln County",NA,NA,NA,NA,NA,NA,31986.5
1996,"Lincoln County",NA,NA,NA,NA,NA,NA,32312.4
1997,"Lincoln County",NA,NA,NA,NA,NA,NA,32638.3
1998,"Lincoln County",NA,NA,NA,NA,NA,NA,32964.2
1999,"Lincoln County",NA,NA,NA,NA,NA,NA,33290.1
2000,"Lincoln County","G2300150","Maine",23,230,15,150,33616
2001,"Lincoln County",NA,NA,NA,NA,NA,NA,33700.1
2002,"Lincoln County",NA,NA,NA,NA,NA,NA,33784.2
2003,"Lincoln County",NA,NA,NA,NA,NA,NA,33868.3
2004,"Lincoln County",NA,NA,NA,NA,NA,NA,33952.4
2005,"Lincoln County",NA,NA,NA,NA,NA,NA,34036.5
2006,"Lincoln County",NA,NA,NA,NA,NA,NA,34120.6
2007,"Lincoln County",NA,NA,NA,NA,NA,NA,34204.7
2008,"Lincoln County",NA,NA,NA,NA,NA,NA,34288.8
2009,"Lincoln County",NA,NA,NA,NA,NA,NA,34372.9
2010,"Lincoln County","G2300150","Maine",23,230,15,150,34457
2011,"Lincoln County",NA,NA,NA,NA,NA,NA,34535
2012,"Lincoln County",NA,NA,NA,NA,NA,NA,34613
2013,"Lincoln County",NA,NA,NA,NA,NA,NA,34691
2014,"Lincoln County",NA,NA,NA,NA,NA,NA,34769
2015,"Lincoln County",NA,NA,NA,NA,NA,NA,34847
2016,"Lincoln County",NA,NA,NA,NA,NA,NA,34925
2017,"Lincoln County",NA,NA,NA,NA,NA,NA,35003
2018,"Lincoln County",NA,NA,NA,NA,NA,NA,35081
2019,"Lincoln County",NA,NA,NA,NA,NA,NA,35159
2020,"Lincoln County","G2300150","Maine",23,230,15,150,35237
1950,"Oxford County","G2300170","Maine",23,230,17,170,44221
1951,"Oxford County",NA,NA,NA,NA,NA,NA,44233.4
1952,"Oxford County",NA,NA,NA,NA,NA,NA,44245.8
1953,"Oxford County",NA,NA,NA,NA,NA,NA,44258.2
1954,"Oxford County",NA,NA,NA,NA,NA,NA,44270.6
1955,"Oxford County",NA,NA,NA,NA,NA,NA,44283
1956,"Oxford County",NA,NA,NA,NA,NA,NA,44295.4
1957,"Oxford County",NA,NA,NA,NA,NA,NA,44307.8
1958,"Oxford County",NA,NA,NA,NA,NA,NA,44320.2
1959,"Oxford County",NA,NA,NA,NA,NA,NA,44332.6
1960,"Oxford County","G2300170","Maine",23,230,17,170,44345
1961,"Oxford County",NA,NA,NA,NA,NA,NA,44256.2
1962,"Oxford County",NA,NA,NA,NA,NA,NA,44167.4
1963,"Oxford County",NA,NA,NA,NA,NA,NA,44078.6
1964,"Oxford County",NA,NA,NA,NA,NA,NA,43989.8
1965,"Oxford County",NA,NA,NA,NA,NA,NA,43901
1966,"Oxford County",NA,NA,NA,NA,NA,NA,43812.2
1967,"Oxford County",NA,NA,NA,NA,NA,NA,43723.4
1968,"Oxford County",NA,NA,NA,NA,NA,NA,43634.6
1969,"Oxford County",NA,NA,NA,NA,NA,NA,43545.8
1970,"Oxford County","G2300170","Maine",23,230,17,170,43457
1971,"Oxford County",NA,NA,NA,NA,NA,NA,44008.1
1972,"Oxford County",NA,NA,NA,NA,NA,NA,44559.2
1973,"Oxford County",NA,NA,NA,NA,NA,NA,45110.3
1974,"Oxford County",NA,NA,NA,NA,NA,NA,45661.4
1975,"Oxford County",NA,NA,NA,NA,NA,NA,46212.5
1976,"Oxford County",NA,NA,NA,NA,NA,NA,46763.6
1977,"Oxford County",NA,NA,NA,NA,NA,NA,47314.7
1978,"Oxford County",NA,NA,NA,NA,NA,NA,47865.8
1979,"Oxford County",NA,NA,NA,NA,NA,NA,48416.9
1980,"Oxford County","G2300170","Maine",23,230,17,170,48968
1981,"Oxford County",NA,NA,NA,NA,NA,NA,49331.4
1982,"Oxford County",NA,NA,NA,NA,NA,NA,49694.8
1983,"Oxford County",NA,NA,NA,NA,NA,NA,50058.2
1984,"Oxford County",NA,NA,NA,NA,NA,NA,50421.6
1985,"Oxford County",NA,NA,NA,NA,NA,NA,50785
1986,"Oxford County",NA,NA,NA,NA,NA,NA,51148.4
1987,"Oxford County",NA,NA,NA,NA,NA,NA,51511.8
1988,"Oxford County",NA,NA,NA,NA,NA,NA,51875.2
1989,"Oxford County",NA,NA,NA,NA,NA,NA,52238.6
1990,"Oxford County","G2300170","Maine",23,230,17,170,52602
1991,"Oxford County",NA,NA,NA,NA,NA,NA,52817.3
1992,"Oxford County",NA,NA,NA,NA,NA,NA,53032.6
1993,"Oxford County",NA,NA,NA,NA,NA,NA,53247.9
1994,"Oxford County",NA,NA,NA,NA,NA,NA,53463.2
1995,"Oxford County",NA,NA,NA,NA,NA,NA,53678.5
1996,"Oxford County",NA,NA,NA,NA,NA,NA,53893.8
1997,"Oxford County",NA,NA,NA,NA,NA,NA,54109.1
1998,"Oxford County",NA,NA,NA,NA,NA,NA,54324.4
1999,"Oxford County",NA,NA,NA,NA,NA,NA,54539.7
2000,"Oxford County","G2300170","Maine",23,230,17,170,54755
2001,"Oxford County",NA,NA,NA,NA,NA,NA,55062.8
2002,"Oxford County",NA,NA,NA,NA,NA,NA,55370.6
2003,"Oxford County",NA,NA,NA,NA,NA,NA,55678.4
2004,"Oxford County",NA,NA,NA,NA,NA,NA,55986.2
2005,"Oxford County",NA,NA,NA,NA,NA,NA,56294
2006,"Oxford County",NA,NA,NA,NA,NA,NA,56601.8
2007,"Oxford County",NA,NA,NA,NA,NA,NA,56909.6
2008,"Oxford County",NA,NA,NA,NA,NA,NA,57217.4
2009,"Oxford County",NA,NA,NA,NA,NA,NA,57525.2
2010,"Oxford County","G2300170","Maine",23,230,17,170,57833
2011,"Oxford County",NA,NA,NA,NA,NA,NA,57827.4
2012,"Oxford County",NA,NA,NA,NA,NA,NA,57821.8
2013,"Oxford County",NA,NA,NA,NA,NA,NA,57816.2
2014,"Oxford County",NA,NA,NA,NA,NA,NA,57810.6
2015,"Oxford County",NA,NA,NA,NA,NA,NA,57805
2016,"Oxford County",NA,NA,NA,NA,NA,NA,57799.4
2017,"Oxford County",NA,NA,NA,NA,NA,NA,57793.8
2018,"Oxford County",NA,NA,NA,NA,NA,NA,57788.2
2019,"Oxford County",NA,NA,NA,NA,NA,NA,57782.6
2020,"Oxford County","G2300170","Maine",23,230,17,170,57777
1950,"Penobscot County","G2300190","Maine",23,230,19,190,108198
1951,"Penobscot County",NA,NA,NA,NA,NA,NA,110012.8
1952,"Penobscot County",NA,NA,NA,NA,NA,NA,111827.6
1953,"Penobscot County",NA,NA,NA,NA,NA,NA,113642.4
1954,"Penobscot County",NA,NA,NA,NA,NA,NA,115457.2
1955,"Penobscot County",NA,NA,NA,NA,NA,NA,117272
1956,"Penobscot County",NA,NA,NA,NA,NA,NA,119086.8
1957,"Penobscot County",NA,NA,NA,NA,NA,NA,120901.6
1958,"Penobscot County",NA,NA,NA,NA,NA,NA,122716.4
1959,"Penobscot County",NA,NA,NA,NA,NA,NA,124531.2
1960,"Penobscot County","G2300190","Maine",23,230,19,190,126346
1961,"Penobscot County",NA,NA,NA,NA,NA,NA,126250.7
1962,"Penobscot County",NA,NA,NA,NA,NA,NA,126155.4
1963,"Penobscot County",NA,NA,NA,NA,NA,NA,126060.1
1964,"Penobscot County",NA,NA,NA,NA,NA,NA,125964.8
1965,"Penobscot County",NA,NA,NA,NA,NA,NA,125869.5
1966,"Penobscot County",NA,NA,NA,NA,NA,NA,125774.2
1967,"Penobscot County",NA,NA,NA,NA,NA,NA,125678.9
1968,"Penobscot County",NA,NA,NA,NA,NA,NA,125583.6
1969,"Penobscot County",NA,NA,NA,NA,NA,NA,125488.3
1970,"Penobscot County","G2300190","Maine",23,230,19,190,125393
1971,"Penobscot County",NA,NA,NA,NA,NA,NA,126555.2
1972,"Penobscot County",NA,NA,NA,NA,NA,NA,127717.4
1973,"Penobscot County",NA,NA,NA,NA,NA,NA,128879.6
1974,"Penobscot County",NA,NA,NA,NA,NA,NA,130041.8
1975,"Penobscot County",NA,NA,NA,NA,NA,NA,131204
1976,"Penobscot County",NA,NA,NA,NA,NA,NA,132366.2
1977,"Penobscot County",NA,NA,NA,NA,NA,NA,133528.4
1978,"Penobscot County",NA,NA,NA,NA,NA,NA,134690.6
1979,"Penobscot County",NA,NA,NA,NA,NA,NA,135852.8
1980,"Penobscot County","G2300190","Maine",23,230,19,190,137015
1981,"Penobscot County",NA,NA,NA,NA,NA,NA,137973.6
1982,"Penobscot County",NA,NA,NA,NA,NA,NA,138932.2
1983,"Penobscot County",NA,NA,NA,NA,NA,NA,139890.8
1984,"Penobscot County",NA,NA,NA,NA,NA,NA,140849.4
1985,"Penobscot County",NA,NA,NA,NA,NA,NA,141808
1986,"Penobscot County",NA,NA,NA,NA,NA,NA,142766.6
1987,"Penobscot County",NA,NA,NA,NA,NA,NA,143725.2
1988,"Penobscot County",NA,NA,NA,NA,NA,NA,144683.8
1989,"Penobscot County",NA,NA,NA,NA,NA,NA,145642.4
1990,"Penobscot County","G2300190","Maine",23,230,19,190,146601
1991,"Penobscot County",NA,NA,NA,NA,NA,NA,146432.8
1992,"Penobscot County",NA,NA,NA,NA,NA,NA,146264.6
1993,"Penobscot County",NA,NA,NA,NA,NA,NA,146096.4
1994,"Penobscot County",NA,NA,NA,NA,NA,NA,145928.2
1995,"Penobscot County",NA,NA,NA,NA,NA,NA,145760
1996,"Penobscot County",NA,NA,NA,NA,NA,NA,145591.8
1997,"Penobscot County",NA,NA,NA,NA,NA,NA,145423.6
1998,"Penobscot County",NA,NA,NA,NA,NA,NA,145255.4
1999,"Penobscot County",NA,NA,NA,NA,NA,NA,145087.2
2000,"Penobscot County","G2300190","Maine",23,230,19,190,144919
2001,"Penobscot County",NA,NA,NA,NA,NA,NA,145819.4
2002,"Penobscot County",NA,NA,NA,NA,NA,NA,146719.8
2003,"Penobscot County",NA,NA,NA,NA,NA,NA,147620.2
2004,"Penobscot County",NA,NA,NA,NA,NA,NA,148520.6
2005,"Penobscot County",NA,NA,NA,NA,NA,NA,149421
2006,"Penobscot County",NA,NA,NA,NA,NA,NA,150321.4
2007,"Penobscot County",NA,NA,NA,NA,NA,NA,151221.8
2008,"Penobscot County",NA,NA,NA,NA,NA,NA,152122.2
2009,"Penobscot County",NA,NA,NA,NA,NA,NA,153022.6
2010,"Penobscot County","G2300190","Maine",23,230,19,190,153923
2011,"Penobscot County",NA,NA,NA,NA,NA,NA,153750.6
2012,"Penobscot County",NA,NA,NA,NA,NA,NA,153578.2
2013,"Penobscot County",NA,NA,NA,NA,NA,NA,153405.8
2014,"Penobscot County",NA,NA,NA,NA,NA,NA,153233.4
2015,"Penobscot County",NA,NA,NA,NA,NA,NA,153061
2016,"Penobscot County",NA,NA,NA,NA,NA,NA,152888.6
2017,"Penobscot County",NA,NA,NA,NA,NA,NA,152716.2
2018,"Penobscot County",NA,NA,NA,NA,NA,NA,152543.8
2019,"Penobscot County",NA,NA,NA,NA,NA,NA,152371.4
2020,"Penobscot County","G2300190","Maine",23,230,19,190,152199
1950,"Piscataquis County","G2300210","Maine",23,230,21,210,18617
1951,"Piscataquis County",NA,NA,NA,NA,NA,NA,18493.2
1952,"Piscataquis County",NA,NA,NA,NA,NA,NA,18369.4
1953,"Piscataquis County",NA,NA,NA,NA,NA,NA,18245.6
1954,"Piscataquis County",NA,NA,NA,NA,NA,NA,18121.8
1955,"Piscataquis County",NA,NA,NA,NA,NA,NA,17998
1956,"Piscataquis County",NA,NA,NA,NA,NA,NA,17874.2
1957,"Piscataquis County",NA,NA,NA,NA,NA,NA,17750.4
1958,"Piscataquis County",NA,NA,NA,NA,NA,NA,17626.6
1959,"Piscataquis County",NA,NA,NA,NA,NA,NA,17502.8
1960,"Piscataquis County","G2300210","Maine",23,230,21,210,17379
1961,"Piscataquis County",NA,NA,NA,NA,NA,NA,17269.6
1962,"Piscataquis County",NA,NA,NA,NA,NA,NA,17160.2
1963,"Piscataquis County",NA,NA,NA,NA,NA,NA,17050.8
1964,"Piscataquis County",NA,NA,NA,NA,NA,NA,16941.4
1965,"Piscataquis County",NA,NA,NA,NA,NA,NA,16832
1966,"Piscataquis County",NA,NA,NA,NA,NA,NA,16722.6
1967,"Piscataquis County",NA,NA,NA,NA,NA,NA,16613.2
1968,"Piscataquis County",NA,NA,NA,NA,NA,NA,16503.8
1969,"Piscataquis County",NA,NA,NA,NA,NA,NA,16394.4
1970,"Piscataquis County","G2300210","Maine",23,230,21,210,16285
1971,"Piscataquis County",NA,NA,NA,NA,NA,NA,16419.9
1972,"Piscataquis County",NA,NA,NA,NA,NA,NA,16554.8
1973,"Piscataquis County",NA,NA,NA,NA,NA,NA,16689.7
1974,"Piscataquis County",NA,NA,NA,NA,NA,NA,16824.6
1975,"Piscataquis County",NA,NA,NA,NA,NA,NA,16959.5
1976,"Piscataquis County",NA,NA,NA,NA,NA,NA,17094.4
1977,"Piscataquis County",NA,NA,NA,NA,NA,NA,17229.3
1978,"Piscataquis County",NA,NA,NA,NA,NA,NA,17364.2
1979,"Piscataquis County",NA,NA,NA,NA,NA,NA,17499.1
1980,"Piscataquis County","G2300210","Maine",23,230,21,210,17634
1981,"Piscataquis County",NA,NA,NA,NA,NA,NA,17735.9
1982,"Piscataquis County",NA,NA,NA,NA,NA,NA,17837.8
1983,"Piscataquis County",NA,NA,NA,NA,NA,NA,17939.7
1984,"Piscataquis County",NA,NA,NA,NA,NA,NA,18041.6
1985,"Piscataquis County",NA,NA,NA,NA,NA,NA,18143.5
1986,"Piscataquis County",NA,NA,NA,NA,NA,NA,18245.4
1987,"Piscataquis County",NA,NA,NA,NA,NA,NA,18347.3
1988,"Piscataquis County",NA,NA,NA,NA,NA,NA,18449.2
1989,"Piscataquis County",NA,NA,NA,NA,NA,NA,18551.1
1990,"Piscataquis County","G2300210","Maine",23,230,21,210,18653
1991,"Piscataquis County",NA,NA,NA,NA,NA,NA,18511.2
1992,"Piscataquis County",NA,NA,NA,NA,NA,NA,18369.4
1993,"Piscataquis County",NA,NA,NA,NA,NA,NA,18227.6
1994,"Piscataquis County",NA,NA,NA,NA,NA,NA,18085.8
1995,"Piscataquis County",NA,NA,NA,NA,NA,NA,17944
1996,"Piscataquis County",NA,NA,NA,NA,NA,NA,17802.2
1997,"Piscataquis County",NA,NA,NA,NA,NA,NA,17660.4
1998,"Piscataquis County",NA,NA,NA,NA,NA,NA,17518.6
1999,"Piscataquis County",NA,NA,NA,NA,NA,NA,17376.8
2000,"Piscataquis County","G2300210","Maine",23,230,21,210,17235
2001,"Piscataquis County",NA,NA,NA,NA,NA,NA,17265
2002,"Piscataquis County",NA,NA,NA,NA,NA,NA,17295
2003,"Piscataquis County",NA,NA,NA,NA,NA,NA,17325
2004,"Piscataquis County",NA,NA,NA,NA,NA,NA,17355
2005,"Piscataquis County",NA,NA,NA,NA,NA,NA,17385
2006,"Piscataquis County",NA,NA,NA,NA,NA,NA,17415
2007,"Piscataquis County",NA,NA,NA,NA,NA,NA,17445
2008,"Piscataquis County",NA,NA,NA,NA,NA,NA,17475
2009,"Piscataquis County",NA,NA,NA,NA,NA,NA,17505
2010,"Piscataquis County","G2300210","Maine",23,230,21,210,17535
2011,"Piscataquis County",NA,NA,NA,NA,NA,NA,17461.5
2012,"Piscataquis County",NA,NA,NA,NA,NA,NA,17388
2013,"Piscataquis County",NA,NA,NA,NA,NA,NA,17314.5
2014,"Piscataquis County",NA,NA,NA,NA,NA,NA,17241
2015,"Piscataquis County",NA,NA,NA,NA,NA,NA,17167.5
2016,"Piscataquis County",NA,NA,NA,NA,NA,NA,17094
2017,"Piscataquis County",NA,NA,NA,NA,NA,NA,17020.5
2018,"Piscataquis County",NA,NA,NA,NA,NA,NA,16947
2019,"Piscataquis County",NA,NA,NA,NA,NA,NA,16873.5
2020,"Piscataquis County","G2300210","Maine",23,230,21,210,16800
1950,"Sagadahoc County","G2300230","Maine",23,230,23,230,20911
1951,"Sagadahoc County",NA,NA,NA,NA,NA,NA,21099.2
1952,"Sagadahoc County",NA,NA,NA,NA,NA,NA,21287.4
1953,"Sagadahoc County",NA,NA,NA,NA,NA,NA,21475.6
1954,"Sagadahoc County",NA,NA,NA,NA,NA,NA,21663.8
1955,"Sagadahoc County",NA,NA,NA,NA,NA,NA,21852
1956,"Sagadahoc County",NA,NA,NA,NA,NA,NA,22040.2
1957,"Sagadahoc County",NA,NA,NA,NA,NA,NA,22228.4
1958,"Sagadahoc County",NA,NA,NA,NA,NA,NA,22416.6
1959,"Sagadahoc County",NA,NA,NA,NA,NA,NA,22604.8
1960,"Sagadahoc County","G2300230","Maine",23,230,23,230,22793
1961,"Sagadahoc County",NA,NA,NA,NA,NA,NA,22858.9
1962,"Sagadahoc County",NA,NA,NA,NA,NA,NA,22924.8
1963,"Sagadahoc County",NA,NA,NA,NA,NA,NA,22990.7
1964,"Sagadahoc County",NA,NA,NA,NA,NA,NA,23056.6
1965,"Sagadahoc County",NA,NA,NA,NA,NA,NA,23122.5
1966,"Sagadahoc County",NA,NA,NA,NA,NA,NA,23188.4
1967,"Sagadahoc County",NA,NA,NA,NA,NA,NA,23254.3
1968,"Sagadahoc County",NA,NA,NA,NA,NA,NA,23320.2
1969,"Sagadahoc County",NA,NA,NA,NA,NA,NA,23386.1
1970,"Sagadahoc County","G2300230","Maine",23,230,23,230,23452
1971,"Sagadahoc County",NA,NA,NA,NA,NA,NA,23986.3
1972,"Sagadahoc County",NA,NA,NA,NA,NA,NA,24520.6
1973,"Sagadahoc County",NA,NA,NA,NA,NA,NA,25054.9
1974,"Sagadahoc County",NA,NA,NA,NA,NA,NA,25589.2
1975,"Sagadahoc County",NA,NA,NA,NA,NA,NA,26123.5
1976,"Sagadahoc County",NA,NA,NA,NA,NA,NA,26657.8
1977,"Sagadahoc County",NA,NA,NA,NA,NA,NA,27192.1
1978,"Sagadahoc County",NA,NA,NA,NA,NA,NA,27726.4
1979,"Sagadahoc County",NA,NA,NA,NA,NA,NA,28260.7
1980,"Sagadahoc County","G2300230","Maine",23,230,23,230,28795
1981,"Sagadahoc County",NA,NA,NA,NA,NA,NA,29269
1982,"Sagadahoc County",NA,NA,NA,NA,NA,NA,29743
1983,"Sagadahoc County",NA,NA,NA,NA,NA,NA,30217
1984,"Sagadahoc County",NA,NA,NA,NA,NA,NA,30691
1985,"Sagadahoc County",NA,NA,NA,NA,NA,NA,31165
1986,"Sagadahoc County",NA,NA,NA,NA,NA,NA,31639
1987,"Sagadahoc County",NA,NA,NA,NA,NA,NA,32113
1988,"Sagadahoc County",NA,NA,NA,NA,NA,NA,32587
1989,"Sagadahoc County",NA,NA,NA,NA,NA,NA,33061
1990,"Sagadahoc County","G2300230","Maine",23,230,23,230,33535
1991,"Sagadahoc County",NA,NA,NA,NA,NA,NA,33702.9
1992,"Sagadahoc County",NA,NA,NA,NA,NA,NA,33870.8
1993,"Sagadahoc County",NA,NA,NA,NA,NA,NA,34038.7
1994,"Sagadahoc County",NA,NA,NA,NA,NA,NA,34206.6
1995,"Sagadahoc County",NA,NA,NA,NA,NA,NA,34374.5
1996,"Sagadahoc County",NA,NA,NA,NA,NA,NA,34542.4
1997,"Sagadahoc County",NA,NA,NA,NA,NA,NA,34710.3
1998,"Sagadahoc County",NA,NA,NA,NA,NA,NA,34878.2
1999,"Sagadahoc County",NA,NA,NA,NA,NA,NA,35046.1
2000,"Sagadahoc County","G2300230","Maine",23,230,23,230,35214
2001,"Sagadahoc County",NA,NA,NA,NA,NA,NA,35221.9
2002,"Sagadahoc County",NA,NA,NA,NA,NA,NA,35229.8
2003,"Sagadahoc County",NA,NA,NA,NA,NA,NA,35237.7
2004,"Sagadahoc County",NA,NA,NA,NA,NA,NA,35245.6
2005,"Sagadahoc County",NA,NA,NA,NA,NA,NA,35253.5
2006,"Sagadahoc County",NA,NA,NA,NA,NA,NA,35261.4
2007,"Sagadahoc County",NA,NA,NA,NA,NA,NA,35269.3
2008,"Sagadahoc County",NA,NA,NA,NA,NA,NA,35277.2
2009,"Sagadahoc County",NA,NA,NA,NA,NA,NA,35285.1
2010,"Sagadahoc County","G2300230","Maine",23,230,23,230,35293
2011,"Sagadahoc County",NA,NA,NA,NA,NA,NA,35433.6
2012,"Sagadahoc County",NA,NA,NA,NA,NA,NA,35574.2
2013,"Sagadahoc County",NA,NA,NA,NA,NA,NA,35714.8
2014,"Sagadahoc County",NA,NA,NA,NA,NA,NA,35855.4
2015,"Sagadahoc County",NA,NA,NA,NA,NA,NA,35996
2016,"Sagadahoc County",NA,NA,NA,NA,NA,NA,36136.6
2017,"Sagadahoc County",NA,NA,NA,NA,NA,NA,36277.2
2018,"Sagadahoc County",NA,NA,NA,NA,NA,NA,36417.8
2019,"Sagadahoc County",NA,NA,NA,NA,NA,NA,36558.4
2020,"Sagadahoc County","G2300230","Maine",23,230,23,230,36699
1950,"Somerset County","G2300250","Maine",23,230,25,250,39785
1951,"Somerset County",NA,NA,NA,NA,NA,NA,39781.4
1952,"Somerset County",NA,NA,NA,NA,NA,NA,39777.8
1953,"Somerset County",NA,NA,NA,NA,NA,NA,39774.2
1954,"Somerset County",NA,NA,NA,NA,NA,NA,39770.6
1955,"Somerset County",NA,NA,NA,NA,NA,NA,39767
1956,"Somerset County",NA,NA,NA,NA,NA,NA,39763.4
1957,"Somerset County",NA,NA,NA,NA,NA,NA,39759.8
1958,"Somerset County",NA,NA,NA,NA,NA,NA,39756.2
1959,"Somerset County",NA,NA,NA,NA,NA,NA,39752.6
1960,"Somerset County","G2300250","Maine",23,230,25,250,39749
1961,"Somerset County",NA,NA,NA,NA,NA,NA,39833.8
1962,"Somerset County",NA,NA,NA,NA,NA,NA,39918.6
1963,"Somerset County",NA,NA,NA,NA,NA,NA,40003.4
1964,"Somerset County",NA,NA,NA,NA,NA,NA,40088.2
1965,"Somerset County",NA,NA,NA,NA,NA,NA,40173
1966,"Somerset County",NA,NA,NA,NA,NA,NA,40257.8
1967,"Somerset County",NA,NA,NA,NA,NA,NA,40342.6
1968,"Somerset County",NA,NA,NA,NA,NA,NA,40427.4
1969,"Somerset County",NA,NA,NA,NA,NA,NA,40512.2
1970,"Somerset County","G2300250","Maine",23,230,25,250,40597
1971,"Somerset County",NA,NA,NA,NA,NA,NA,41040.1
1972,"Somerset County",NA,NA,NA,NA,NA,NA,41483.2
1973,"Somerset County",NA,NA,NA,NA,NA,NA,41926.3
1974,"Somerset County",NA,NA,NA,NA,NA,NA,42369.4
1975,"Somerset County",NA,NA,NA,NA,NA,NA,42812.5
1976,"Somerset County",NA,NA,NA,NA,NA,NA,43255.6
1977,"Somerset County",NA,NA,NA,NA,NA,NA,43698.7
1978,"Somerset County",NA,NA,NA,NA,NA,NA,44141.8
1979,"Somerset County",NA,NA,NA,NA,NA,NA,44584.9
1980,"Somerset County","G2300250","Maine",23,230,25,250,45028
1981,"Somerset County",NA,NA,NA,NA,NA,NA,45501.9
1982,"Somerset County",NA,NA,NA,NA,NA,NA,45975.8
1983,"Somerset County",NA,NA,NA,NA,NA,NA,46449.7
1984,"Somerset County",NA,NA,NA,NA,NA,NA,46923.6
1985,"Somerset County",NA,NA,NA,NA,NA,NA,47397.5
1986,"Somerset County",NA,NA,NA,NA,NA,NA,47871.4
1987,"Somerset County",NA,NA,NA,NA,NA,NA,48345.3
1988,"Somerset County",NA,NA,NA,NA,NA,NA,48819.2
1989,"Somerset County",NA,NA,NA,NA,NA,NA,49293.1
1990,"Somerset County","G2300250","Maine",23,230,25,250,49767
1991,"Somerset County",NA,NA,NA,NA,NA,NA,49879.1
1992,"Somerset County",NA,NA,NA,NA,NA,NA,49991.2
1993,"Somerset County",NA,NA,NA,NA,NA,NA,50103.3
1994,"Somerset County",NA,NA,NA,NA,NA,NA,50215.4
1995,"Somerset County",NA,NA,NA,NA,NA,NA,50327.5
1996,"Somerset County",NA,NA,NA,NA,NA,NA,50439.6
1997,"Somerset County",NA,NA,NA,NA,NA,NA,50551.7
1998,"Somerset County",NA,NA,NA,NA,NA,NA,50663.8
1999,"Somerset County",NA,NA,NA,NA,NA,NA,50775.9
2000,"Somerset County","G2300250","Maine",23,230,25,250,50888
2001,"Somerset County",NA,NA,NA,NA,NA,NA,51022
2002,"Somerset County",NA,NA,NA,NA,NA,NA,51156
2003,"Somerset County",NA,NA,NA,NA,NA,NA,51290
2004,"Somerset County",NA,NA,NA,NA,NA,NA,51424
2005,"Somerset County",NA,NA,NA,NA,NA,NA,51558
2006,"Somerset County",NA,NA,NA,NA,NA,NA,51692
2007,"Somerset County",NA,NA,NA,NA,NA,NA,51826
2008,"Somerset County",NA,NA,NA,NA,NA,NA,51960
2009,"Somerset County",NA,NA,NA,NA,NA,NA,52094
2010,"Somerset County","G2300250","Maine",23,230,25,250,52228
2011,"Somerset County",NA,NA,NA,NA,NA,NA,52052.9
2012,"Somerset County",NA,NA,NA,NA,NA,NA,51877.8
2013,"Somerset County",NA,NA,NA,NA,NA,NA,51702.7
2014,"Somerset County",NA,NA,NA,NA,NA,NA,51527.6
2015,"Somerset County",NA,NA,NA,NA,NA,NA,51352.5
2016,"Somerset County",NA,NA,NA,NA,NA,NA,51177.4
2017,"Somerset County",NA,NA,NA,NA,NA,NA,51002.3
2018,"Somerset County",NA,NA,NA,NA,NA,NA,50827.2
2019,"Somerset County",NA,NA,NA,NA,NA,NA,50652.1
2020,"Somerset County","G2300250","Maine",23,230,25,250,50477
1950,"Waldo County","G2300270","Maine",23,230,27,270,21687
1951,"Waldo County",NA,NA,NA,NA,NA,NA,21781.5
1952,"Waldo County",NA,NA,NA,NA,NA,NA,21876
1953,"Waldo County",NA,NA,NA,NA,NA,NA,21970.5
1954,"Waldo County",NA,NA,NA,NA,NA,NA,22065
1955,"Waldo County",NA,NA,NA,NA,NA,NA,22159.5
1956,"Waldo County",NA,NA,NA,NA,NA,NA,22254
1957,"Waldo County",NA,NA,NA,NA,NA,NA,22348.5
1958,"Waldo County",NA,NA,NA,NA,NA,NA,22443
1959,"Waldo County",NA,NA,NA,NA,NA,NA,22537.5
1960,"Waldo County","G2300270","Maine",23,230,27,270,22632
1961,"Waldo County",NA,NA,NA,NA,NA,NA,22701.6
1962,"Waldo County",NA,NA,NA,NA,NA,NA,22771.2
1963,"Waldo County",NA,NA,NA,NA,NA,NA,22840.8
1964,"Waldo County",NA,NA,NA,NA,NA,NA,22910.4
1965,"Waldo County",NA,NA,NA,NA,NA,NA,22980
1966,"Waldo County",NA,NA,NA,NA,NA,NA,23049.6
1967,"Waldo County",NA,NA,NA,NA,NA,NA,23119.2
1968,"Waldo County",NA,NA,NA,NA,NA,NA,23188.8
1969,"Waldo County",NA,NA,NA,NA,NA,NA,23258.4
1970,"Waldo County","G2300270","Maine",23,230,27,270,23328
1971,"Waldo County",NA,NA,NA,NA,NA,NA,23836.6
1972,"Waldo County",NA,NA,NA,NA,NA,NA,24345.2
1973,"Waldo County",NA,NA,NA,NA,NA,NA,24853.8
1974,"Waldo County",NA,NA,NA,NA,NA,NA,25362.4
1975,"Waldo County",NA,NA,NA,NA,NA,NA,25871
1976,"Waldo County",NA,NA,NA,NA,NA,NA,26379.6
1977,"Waldo County",NA,NA,NA,NA,NA,NA,26888.2
1978,"Waldo County",NA,NA,NA,NA,NA,NA,27396.8
1979,"Waldo County",NA,NA,NA,NA,NA,NA,27905.4
1980,"Waldo County","G2300270","Maine",23,230,27,270,28414
1981,"Waldo County",NA,NA,NA,NA,NA,NA,28874.4
1982,"Waldo County",NA,NA,NA,NA,NA,NA,29334.8
1983,"Waldo County",NA,NA,NA,NA,NA,NA,29795.2
1984,"Waldo County",NA,NA,NA,NA,NA,NA,30255.6
1985,"Waldo County",NA,NA,NA,NA,NA,NA,30716
1986,"Waldo County",NA,NA,NA,NA,NA,NA,31176.4
1987,"Waldo County",NA,NA,NA,NA,NA,NA,31636.8
1988,"Waldo County",NA,NA,NA,NA,NA,NA,32097.2
1989,"Waldo County",NA,NA,NA,NA,NA,NA,32557.6
1990,"Waldo County","G2300270","Maine",23,230,27,270,33018
1991,"Waldo County",NA,NA,NA,NA,NA,NA,33344.2
1992,"Waldo County",NA,NA,NA,NA,NA,NA,33670.4
1993,"Waldo County",NA,NA,NA,NA,NA,NA,33996.6
1994,"Waldo County",NA,NA,NA,NA,NA,NA,34322.8
1995,"Waldo County",NA,NA,NA,NA,NA,NA,34649
1996,"Waldo County",NA,NA,NA,NA,NA,NA,34975.2
1997,"Waldo County",NA,NA,NA,NA,NA,NA,35301.4
1998,"Waldo County",NA,NA,NA,NA,NA,NA,35627.6
1999,"Waldo County",NA,NA,NA,NA,NA,NA,35953.8
2000,"Waldo County","G2300270","Maine",23,230,27,270,36280
2001,"Waldo County",NA,NA,NA,NA,NA,NA,36530.6
2002,"Waldo County",NA,NA,NA,NA,NA,NA,36781.2
2003,"Waldo County",NA,NA,NA,NA,NA,NA,37031.8
2004,"Waldo County",NA,NA,NA,NA,NA,NA,37282.4
2005,"Waldo County",NA,NA,NA,NA,NA,NA,37533
2006,"Waldo County",NA,NA,NA,NA,NA,NA,37783.6
2007,"Waldo County",NA,NA,NA,NA,NA,NA,38034.2
2008,"Waldo County",NA,NA,NA,NA,NA,NA,38284.8
2009,"Waldo County",NA,NA,NA,NA,NA,NA,38535.4
2010,"Waldo County","G2300270","Maine",23,230,27,270,38786
2011,"Waldo County",NA,NA,NA,NA,NA,NA,38868.1
2012,"Waldo County",NA,NA,NA,NA,NA,NA,38950.2
2013,"Waldo County",NA,NA,NA,NA,NA,NA,39032.3
2014,"Waldo County",NA,NA,NA,NA,NA,NA,39114.4
2015,"Waldo County",NA,NA,NA,NA,NA,NA,39196.5
2016,"Waldo County",NA,NA,NA,NA,NA,NA,39278.6
2017,"Waldo County",NA,NA,NA,NA,NA,NA,39360.7
2018,"Waldo County",NA,NA,NA,NA,NA,NA,39442.8
2019,"Waldo County",NA,NA,NA,NA,NA,NA,39524.9
2020,"Waldo County","G2300270","Maine",23,230,27,270,39607
1950,"Washington County","G2300290","Maine",23,230,29,290,35187
1951,"Washington County",NA,NA,NA,NA,NA,NA,34959.1
1952,"Washington County",NA,NA,NA,NA,NA,NA,34731.2
1953,"Washington County",NA,NA,NA,NA,NA,NA,34503.3
1954,"Washington County",NA,NA,NA,NA,NA,NA,34275.4
1955,"Washington County",NA,NA,NA,NA,NA,NA,34047.5
1956,"Washington County",NA,NA,NA,NA,NA,NA,33819.6
1957,"Washington County",NA,NA,NA,NA,NA,NA,33591.7
1958,"Washington County",NA,NA,NA,NA,NA,NA,33363.8
1959,"Washington County",NA,NA,NA,NA,NA,NA,33135.9
1960,"Washington County","G2300290","Maine",23,230,29,290,32908
1961,"Washington County",NA,NA,NA,NA,NA,NA,32603.1
1962,"Washington County",NA,NA,NA,NA,NA,NA,32298.2
1963,"Washington County",NA,NA,NA,NA,NA,NA,31993.3
1964,"Washington County",NA,NA,NA,NA,NA,NA,31688.4
1965,"Washington County",NA,NA,NA,NA,NA,NA,31383.5
1966,"Washington County",NA,NA,NA,NA,NA,NA,31078.6
1967,"Washington County",NA,NA,NA,NA,NA,NA,30773.7
1968,"Washington County",NA,NA,NA,NA,NA,NA,30468.8
1969,"Washington County",NA,NA,NA,NA,NA,NA,30163.9
1970,"Washington County","G2300290","Maine",23,230,29,290,29859
1971,"Washington County",NA,NA,NA,NA,NA,NA,30369.4
1972,"Washington County",NA,NA,NA,NA,NA,NA,30879.8
1973,"Washington County",NA,NA,NA,NA,NA,NA,31390.2
1974,"Washington County",NA,NA,NA,NA,NA,NA,31900.6
1975,"Washington County",NA,NA,NA,NA,NA,NA,32411
1976,"Washington County",NA,NA,NA,NA,NA,NA,32921.4
1977,"Washington County",NA,NA,NA,NA,NA,NA,33431.8
1978,"Washington County",NA,NA,NA,NA,NA,NA,33942.2
1979,"Washington County",NA,NA,NA,NA,NA,NA,34452.6
1980,"Washington County","G2300290","Maine",23,230,29,290,34963
1981,"Washington County",NA,NA,NA,NA,NA,NA,34997.5
1982,"Washington County",NA,NA,NA,NA,NA,NA,35032
1983,"Washington County",NA,NA,NA,NA,NA,NA,35066.5
1984,"Washington County",NA,NA,NA,NA,NA,NA,35101
1985,"Washington County",NA,NA,NA,NA,NA,NA,35135.5
1986,"Washington County",NA,NA,NA,NA,NA,NA,35170
1987,"Washington County",NA,NA,NA,NA,NA,NA,35204.5
1988,"Washington County",NA,NA,NA,NA,NA,NA,35239
1989,"Washington County",NA,NA,NA,NA,NA,NA,35273.5
1990,"Washington County","G2300290","Maine",23,230,29,290,35308
1991,"Washington County",NA,NA,NA,NA,NA,NA,35171.3
1992,"Washington County",NA,NA,NA,NA,NA,NA,35034.6
1993,"Washington County",NA,NA,NA,NA,NA,NA,34897.9
1994,"Washington County",NA,NA,NA,NA,NA,NA,34761.2
1995,"Washington County",NA,NA,NA,NA,NA,NA,34624.5
1996,"Washington County",NA,NA,NA,NA,NA,NA,34487.8
1997,"Washington County",NA,NA,NA,NA,NA,NA,34351.1
1998,"Washington County",NA,NA,NA,NA,NA,NA,34214.4
1999,"Washington County",NA,NA,NA,NA,NA,NA,34077.7
2000,"Washington County","G2300290","Maine",23,230,29,290,33941
2001,"Washington County",NA,NA,NA,NA,NA,NA,33832.5
2002,"Washington County",NA,NA,NA,NA,NA,NA,33724
2003,"Washington County",NA,NA,NA,NA,NA,NA,33615.5
2004,"Washington County",NA,NA,NA,NA,NA,NA,33507
2005,"Washington County",NA,NA,NA,NA,NA,NA,33398.5
2006,"Washington County",NA,NA,NA,NA,NA,NA,33290
2007,"Washington County",NA,NA,NA,NA,NA,NA,33181.5
2008,"Washington County",NA,NA,NA,NA,NA,NA,33073
2009,"Washington County",NA,NA,NA,NA,NA,NA,32964.5
2010,"Washington County","G2300290","Maine",23,230,29,290,32856
2011,"Washington County",NA,NA,NA,NA,NA,NA,32679.9
2012,"Washington County",NA,NA,NA,NA,NA,NA,32503.8
2013,"Washington County",NA,NA,NA,NA,NA,NA,32327.7
2014,"Washington County",NA,NA,NA,NA,NA,NA,32151.6
2015,"Washington County",NA,NA,NA,NA,NA,NA,31975.5
2016,"Washington County",NA,NA,NA,NA,NA,NA,31799.4
2017,"Washington County",NA,NA,NA,NA,NA,NA,31623.3
2018,"Washington County",NA,NA,NA,NA,NA,NA,31447.2
2019,"Washington County",NA,NA,NA,NA,NA,NA,31271.1
2020,"Washington County","G2300290","Maine",23,230,29,290,31095
1950,"York County","G2300310","Maine",23,230,31,310,93541
1951,"York County",NA,NA,NA,NA,NA,NA,94127.1
1952,"York County",NA,NA,NA,NA,NA,NA,94713.2
1953,"York County",NA,NA,NA,NA,NA,NA,95299.3
1954,"York County",NA,NA,NA,NA,NA,NA,95885.4
1955,"York County",NA,NA,NA,NA,NA,NA,96471.5
1956,"York County",NA,NA,NA,NA,NA,NA,97057.6
1957,"York County",NA,NA,NA,NA,NA,NA,97643.7
1958,"York County",NA,NA,NA,NA,NA,NA,98229.8
1959,"York County",NA,NA,NA,NA,NA,NA,98815.9
1960,"York County","G2300310","Maine",23,230,31,310,99402
1961,"York County",NA,NA,NA,NA,NA,NA,100619.4
1962,"York County",NA,NA,NA,NA,NA,NA,101836.8
1963,"York County",NA,NA,NA,NA,NA,NA,103054.2
1964,"York County",NA,NA,NA,NA,NA,NA,104271.6
1965,"York County",NA,NA,NA,NA,NA,NA,105489
1966,"York County",NA,NA,NA,NA,NA,NA,106706.4
1967,"York County",NA,NA,NA,NA,NA,NA,107923.8
1968,"York County",NA,NA,NA,NA,NA,NA,109141.2
1969,"York County",NA,NA,NA,NA,NA,NA,110358.6
1970,"York County","G2300310","Maine",23,230,31,310,111576
1971,"York County",NA,NA,NA,NA,NA,NA,114385
1972,"York County",NA,NA,NA,NA,NA,NA,117194
1973,"York County",NA,NA,NA,NA,NA,NA,120003
1974,"York County",NA,NA,NA,NA,NA,NA,122812
1975,"York County",NA,NA,NA,NA,NA,NA,125621
1976,"York County",NA,NA,NA,NA,NA,NA,128430
1977,"York County",NA,NA,NA,NA,NA,NA,131239
1978,"York County",NA,NA,NA,NA,NA,NA,134048
1979,"York County",NA,NA,NA,NA,NA,NA,136857
1980,"York County","G2300310","Maine",23,230,31,310,139666
1981,"York County",NA,NA,NA,NA,NA,NA,142158.1
1982,"York County",NA,NA,NA,NA,NA,NA,144650.2
1983,"York County",NA,NA,NA,NA,NA,NA,147142.3
1984,"York County",NA,NA,NA,NA,NA,NA,149634.4
1985,"York County",NA,NA,NA,NA,NA,NA,152126.5
1986,"York County",NA,NA,NA,NA,NA,NA,154618.6
1987,"York County",NA,NA,NA,NA,NA,NA,157110.7
1988,"York County",NA,NA,NA,NA,NA,NA,159602.8
1989,"York County",NA,NA,NA,NA,NA,NA,162094.9
1990,"York County","G2300310","Maine",23,230,31,310,164587
1991,"York County",NA,NA,NA,NA,NA,NA,166802.5
1992,"York County",NA,NA,NA,NA,NA,NA,169018
1993,"York County",NA,NA,NA,NA,NA,NA,171233.5
1994,"York County",NA,NA,NA,NA,NA,NA,173449
1995,"York County",NA,NA,NA,NA,NA,NA,175664.5
1996,"York County",NA,NA,NA,NA,NA,NA,177880
1997,"York County",NA,NA,NA,NA,NA,NA,180095.5
1998,"York County",NA,NA,NA,NA,NA,NA,182311
1999,"York County",NA,NA,NA,NA,NA,NA,184526.5
2000,"York County","G2300310","Maine",23,230,31,310,186742
2001,"York County",NA,NA,NA,NA,NA,NA,187780.9
2002,"York County",NA,NA,NA,NA,NA,NA,188819.8
2003,"York County",NA,NA,NA,NA,NA,NA,189858.7
2004,"York County",NA,NA,NA,NA,NA,NA,190897.6
2005,"York County",NA,NA,NA,NA,NA,NA,191936.5
2006,"York County",NA,NA,NA,NA,NA,NA,192975.4
2007,"York County",NA,NA,NA,NA,NA,NA,194014.3
2008,"York County",NA,NA,NA,NA,NA,NA,195053.2
2009,"York County",NA,NA,NA,NA,NA,NA,196092.1
2010,"York County","G2300310","Maine",23,230,31,310,197131
2011,"York County",NA,NA,NA,NA,NA,NA,198615.1
2012,"York County",NA,NA,NA,NA,NA,NA,200099.2
2013,"York County",NA,NA,NA,NA,NA,NA,201583.3
2014,"York County",NA,NA,NA,NA,NA,NA,203067.4
2015,"York County",NA,NA,NA,NA,NA,NA,204551.5
2016,"York County",NA,NA,NA,NA,NA,NA,206035.6
2017,"York County",NA,NA,NA,NA,NA,NA,207519.7
2018,"York County",NA,NA,NA,NA,NA,NA,209003.8
2019,"York County",NA,NA,NA,NA,NA,NA,210487.9
2020,"York County","G2300310","Maine",23,230,31,310,211972
